{
  "code": 200,
  "data": [
    {
      "classes_id": 0,
      "created_at": "2022-10-26 08:50:33",
      "deleted_at": null,
      "id": 19,
      "name": "Pengguna Baru",
      "parent_id": null,
      "slug": null,
      "types": "faq",
      "updated_at": null,
      "updated_by": null
    },
    {
      "classes_id": 0,
      "created_at": "2022-10-26 08:50:37",
      "deleted_at": null,
      "id": 20,
      "name": "Pembayaran",
      "parent_id": null,
      "slug": null,
      "types": "faq",
      "updated_at": null,
      "updated_by": null
    },
    {
      "classes_id": 0,
      "created_at": "2022-10-26 08:50:41",
      "deleted_at": null,
      "id": 21,
      "name": "Registrasi",
      "parent_id": null,
      "slug": null,
      "types": "faq",
      "updated_at": null,
      "updated_by": null
    }
  ],
  "message": "Berhasil mengambil data kategori faq"
}
