{
  "code": 200,
  "data": [
    {
      "answerContent": "<p><iframe frameborder=\"0\" src=\"https://www.youtube.com/embed/XesSl40hdhQ\" width=\"100%\" height=\"360\" class=\"note-video-clip\"></iframe><b><br></b></p><p><b><br></b></p><p><b>Bagaimana saya bisa melihat jenis kelas yang ditawarkan ?</b></p><p>Anda dapat melihat kelas yang ditawarkan pada Halaman Muka,ataupun melalui menu Kategori.&nbsp;</p><p><br></p><p><b>Apakah saya harus mengikuti semua materi agar bisa lulus ?</b></p><p>Ya, anda diwajibkan untuk mengikuti semua materi yang tersedia secara berurutan.</p><p><br></p><p><b>Apakah yang dimaksud dengan Pre Test ?</b></p><p>Pre Test adalah tes awal yang akan mengukurtingkat pemahaman anda akan materi kelas yang anda ambil.</p><p><br></p><p><b>Apakah yang dimaksud dengan Post Test ?</b></p><p>Post Test adalah tes akhir padasaat anda selesai mengikuti semua materi. Tes ini yang akan menentukan tingkat kelulusan anda.</p><p><br></p><p><b>Bagaimana cara mendapatkan sertifikat setelah selesai mengikuti kelas ?</b></p><p>Anda dapat mengakses sertifikat melalui menu Kelas Saya yang terdapat di profil anda.</p><p><br></p><p><b>Saya sudah selesai mengikuti kelas, tetapi sertifikat saya tidak dapat diunduh ?</b></p><p>Sertifikat hanya dapat diunduh apabila tingkat kelulusan anda berada di angka 75 ataulebih. Untuk melihat tingkat kelulusan anda, silahkan masuk ke menu Overview Skor pada profil anda.</p><p><br></p><p><b>Apakah saya bisa memberikan rating padakelas ?</b></p><p>Ya, anda dapat memberikan rating pada kelas yang sudah anda ikuti.</p><p><br></p><p><b>Apakah saya bisa mengulang kelas yang sudah pernah saya selesaikan ?</b></p><p>Ya, anda dapat mengulang kelas yang sudah pernah anda selesaikan sebanyak 1 (satu) kali.</p>",
      "categories_id": 19,
      "created_at": "2021-01-04 20:27:22",
      "deleted_at": null,
      "id": 26,
      "questionContent": "Pembayaran Menggunakan BCA",
      "updated_at": "2022-11-11 09:19:22",
      "updated_by": null
    },
    {
      "answerContent": "<p><iframe frameborder=\"0\" src=\"https://www.youtube.com/embed/XesSl40hdhQ\" width=\"100%\" height=\"360\" class=\"note-video-clip\"></iframe><b><br></b></p><p><b><br></b></p><p><b>Bagaimana saya bisa melihat jenis kelas yang ditawarkan ?</b></p><p>Anda dapat melihat kelas yang ditawarkan pada Halaman Muka,ataupun melalui menu Kategori.&nbsp;</p><p><br></p><p><b>Apakah saya harus mengikuti semua materi agar bisa lulus ?</b></p><p>Ya, anda diwajibkan untuk mengikuti semua materi yang tersedia secara berurutan.</p><p><br></p><p><b>Apakah yang dimaksud dengan Pre Test ?</b></p><p>Pre Test adalah tes awal yang akan mengukurtingkat pemahaman anda akan materi kelas yang anda ambil.</p><p><br></p><p><b>Apakah yang dimaksud dengan Post Test ?</b></p><p>Post Test adalah tes akhir padasaat anda selesai mengikuti semua materi. Tes ini yang akan menentukan tingkat kelulusan anda.</p><p><br></p><p><b>Bagaimana cara mendapatkan sertifikat setelah selesai mengikuti kelas ?</b></p><p>Anda dapat mengakses sertifikat melalui menu Kelas Saya yang terdapat di profil anda.</p><p><br></p><p><b>Saya sudah selesai mengikuti kelas, tetapi sertifikat saya tidak dapat diunduh ?</b></p><p>Sertifikat hanya dapat diunduh apabila tingkat kelulusan anda berada di angka 75 ataulebih. Untuk melihat tingkat kelulusan anda, silahkan masuk ke menu Overview Skor pada profil anda.</p><p><br></p><p><b>Apakah saya bisa memberikan rating padakelas ?</b></p><p>Ya, anda dapat memberikan rating pada kelas yang sudah anda ikuti.</p><p><br></p><p><b>Apakah saya bisa mengulang kelas yang sudah pernah saya selesaikan ?</b></p><p>Ya, anda dapat mengulang kelas yang sudah pernah anda selesaikan sebanyak 1 (satu) kali.</p>",
      "categories_id": 19,
      "created_at": "2021-01-04 20:27:22",
      "deleted_at": null,
      "id": 26,
      "questionContent": "Pembayaran Menggunakan BCA",
      "updated_at": "2022-11-11 09:19:22",
      "updated_by": null
    },
    {
      "answerContent": "<p><b>Bagaimana cara daftar akun ?</b></p><p>Anda bisa mendaftar melalui menu Daftar atau klik link disini. Kemudian mengisi kolom-kolom yang tersediapada halaman Pendaftaran.</p><p><br></p><p><b>Apakah saya bisa mendaftar denganakun sosial media ?</b></p><p>Tentu saja, anda bisa mendaftar dengan menggunakan akun Facebook atau Gmail.</p><p><br></p><p><b>Bagaimana jika saya tidak mendapatkan kode akses OTP ?</b></p><p>Ada beberapa langkah yang bisa anda lakukan :</p><ul><li>Pastikan email yang anda gunakan pada saat pendaftaran aktif</li><li>Cek email pada folder spam.</li><li>Tunggu beberapa menit agar email OTP bisa terkirim kepada anda.</li></ul><p>Apabila langkah - langkah diatas tidak berhasil, anda bisa menghubungi layanan Customer Service kami.</p><p><br></p><p><b>Bagaimana jika saya lupa password ?</b></p><p>Anda bisa klik menu lupa password yang ada pada menu login/masuk. Sebelum anda dapat merubah password, anda akan diminta untuk memasukkan kode OTP yang dikirim ke email.</p><p><br></p><p><b>Data apa saja yang bisa saya ubah dari akun saya ?</b></p><p>Data yang bisa diubah antara lain :</p><ul><li>&nbsp;Foto pribadi anda</li><li>&nbsp;Kata sandi / Password</li><li>&nbsp;Nama Lengkap</li><li>&nbsp;Fungsi Kerja</li><li>&nbsp;No Handphone</li><li>&nbsp;Tanggal Lahir</li><li>&nbsp;Jenis Kelamin</li></ul><p><b><br></b></p><p><b>Bagaimana cara mengamankan akun saya ?</b></p><p>Kami senantiasa menjaga kerahasiaan dan keamanan data anda. Untuk itu kami sarankan anda untuk menggunakan password yang tidak mudah ditebak.</p><p>Selain itu, kami akan mengirimkan kode OTP pada saat anda melakukan perubahan kata sandi / password, sebelum anda bisa melakukan perubahan.</p><p><br></p><p><b>Apakah saya bisa melihat semua kelasyang saya ikuti ?</b></p><p>Ya, anda dapat melihat kelas - kelas yang sudah / akan anda ikuti pada menu Kelas Saya.</p>",
      "categories_id": 20,
      "created_at": "2020-12-17 19:26:05",
      "deleted_at": null,
      "id": 24,
      "questionContent": "Verifikasi OTP tidak terkirim ke Email",
      "updated_at": "2022-10-26 08:52:11",
      "updated_by": null
    }
  ],
  "message": "Berhasil mengambil data faq"
}
