{
  "code": 200,
  "data": [
    {
      "categories_id": 22,
      "classes_id": 61,
      "created_at": "2022-12-14 10:37:54",
      "deleted_at": null,
      "featured_image": null,
      "id": 33,
      "json_meta": null,
      "slug": "artikel-1",
      "tipe": "ARTICLE",
      "title": "Jam Perdagangan Bursa Kembali Normal, Transaksi Saham Bakal Lebih Ramai?",
      "updated_at": null,
      "views": null
    },
    {
      "categories_id": 22,
      "classes_id": 61,
      "created_at": "2022-12-14 10:37:54",
      "deleted_at": null,
      "featured_image": null,
      "id": 34,
      "json_meta": null,
      "slug": "artikel-2",
      "tipe": "ARTICLE",
      "title": "Erajaya Swasembada (ERAA) Raup Penjualan Rp49,5 Triliun di 2022, Naik 13,8%",
      "updated_at": null,
      "views": null
    },
    {
      "categories_id": 22,
      "classes_id": 61,
      "created_at": "2022-12-14 10:37:54",
      "deleted_at": null,
      "featured_image": null,
      "id": 35,
      "json_meta": null,
      "slug": "artikel-3",
      "tipe": "ARTICLE",
      "title": "IHSG Sesi I Melemah Tipis 0,02% ke 6.807",
      "updated_at": null,
      "views": null
    },
    {
      "categories_id": 22,
      "classes_id": 61,
      "created_at": "2022-12-14 10:37:54",
      "deleted_at": null,
      "featured_image": null,
      "id": 36,
      "json_meta": null,
      "slug": "artikel-4",
      "tipe": "ARTICLE",
      "title": "10 Saham Paling Cuan Pekan Ini, Dipimpin SAGE Naik 80%",
      "updated_at": null,
      "views": null
    },
    {
      "categories_id": 22,
      "classes_id": 61,
      "created_at": "2022-12-14 10:37:54",
      "deleted_at": null,
      "featured_image": null,
      "id": 37,
      "json_meta": null,
      "slug": "artikel-5",
      "tipe": "ARTICLE",
      "title": "MNC Asia Holding (BHIT) Raup Laba Bersih Rp2,68 Triliun di 2022, Naik 5,7%",
      "updated_at": null,
      "views": null
    },
    {
      "categories_id": 22,
      "classes_id": 61,
      "created_at": "2022-12-14 10:37:54",
      "deleted_at": null,
      "featured_image": null,
      "id": 38,
      "json_meta": null,
      "slug": "artikel-6",
      "tipe": "ARTICLE",
      "title": "Astra Agro (AALI) Siapkan Belanja Modal Rp1,4 Triliun Tahun Ini",
      "updated_at": null,
      "views": null
    },
    {
      "categories_id": 22,
      "classes_id": 61,
      "created_at": "2022-12-14 10:37:54",
      "deleted_at": null,
      "featured_image": null,
      "id": 39,
      "json_meta": null,
      "slug": "artikel-6",
      "tipe": "ARTICLE",
      "title": "Kenaikan Beban, Inocycle Technology (INOV) Rugi Rp36,3 Miliar di 2022",
      "updated_at": null,
      "views": null
    },
    {
      "categories_id": 22,
      "classes_id": 61,
      "created_at": "2022-12-14 10:37:54",
      "deleted_at": null,
      "featured_image": null,
      "id": 40,
      "json_meta": null,
      "slug": "artikel-7",
      "tipe": "ARTICLE",
      "title": "Satyamitra Kemas (SMKL) Kantongi Laba Rp166 Miliar di 2022, Naik 52%",
      "updated_at": null,
      "views": null
    },
    {
      "categories_id": 22,
      "classes_id": 61,
      "created_at": "2022-12-14 10:37:54",
      "deleted_at": null,
      "featured_image": null,
      "id": 41,
      "json_meta": null,
      "slug": "artikel-8",
      "tipe": "ARTICLE",
      "title": "Laba Harum Energy (HRUM) Naik 3 Kali Lipat Jadi Rp4,52 Triliun di 2022",
      "updated_at": null,
      "views": null
    },
    {
      "categories_id": 22,
      "classes_id": 61,
      "created_at": "2022-12-14 10:37:54",
      "deleted_at": null,
      "featured_image": null,
      "id": 42,
      "json_meta": null,
      "slug": "artikel-9",
      "tipe": "ARTICLE",
      "title": "Astra Agro (AALI) Bagi-Bagi Dividen Rp404 per Saham",
      "updated_at": null,
      "views": null
    }
  ],
  "message": "Berhasil mengambil data artikel",
  "meta": {
    "current_page": 1,
    "first_page_url": "https://berdagangangka.id/api/v1/article/list?page=1",
    "from": 1,
    "last_page": 1,
    "last_page_url": "https://berdagangangka.id/api/v1/article/list?page=1",
    "next_page_url": null,
    "path": "https://berdagangangka.id/api/v1/article/list",
    "per_page": "10",
    "prev_page_url": null,
    "to": 1,
    "total": 1
  }
}
