{
  "code": 200,
  "data": [
    {
      "classes_id": 61,
      "created_at": "2022-12-14 10:32:38",
      "deleted_at": null,
      "id": 22,
      "name": "Market Update",
      "parent_id": null,
      "slug": "market-update",
      "types": "article",
      "updated_at": "2022-12-29 10:28:09",
      "updated_by": "superadmin@berdagangangka.id"
    },
    {
      "classes_id": 61,
      "created_at": "2022-12-29 10:55:02",
      "deleted_at": null,
      "id": 25,
      "name": "Top Stock",
      "parent_id": null,
      "slug": "top-stock",
      "types": "article",
      "updated_at": null,
      "updated_by": "superadmin@berdagangangka.id"
    },
    {
      "classes_id": 61,
      "created_at": "2022-12-29 10:55:02",
      "deleted_at": null,
      "id": 26,
      "name": "Obligasi",
      "parent_id": null,
      "slug": "obligasi-saham",
      "types": "article",
      "updated_at": null,
      "updated_by": "superadmin@berdagangangka.id"
    },
    {
      "classes_id": 61,
      "created_at": "2022-12-29 10:55:02",
      "deleted_at": null,
      "id": 27,
      "name": "Panduan Invest",
      "parent_id": null,
      "slug": "panduan-invest",
      "types": "article",
      "updated_at": null,
      "updated_by": "superadmin@berdagangangka.id"
    }
  ]
}
