{
  "code": 200,
  "message": "Success get payment list",
  "data": [
    {
      "id": 77,
      "user_id": 1,
      "package_id": 4,
      "voucher_id": null,
      "invoice_code": "202303031644570001",
      "package_desc": "Trading Class",
      "package_price": 10000,
      "subscribe_month": 12,
      "expired_at": "2023-03-05 16:44:57",
      "voucher_code": null,
      "value_redeemed": null,
      "grand_total": 10000,
      "payment_status": "menunggu pembayaran",
      "midtrans_token": "49ce21ba-3bd7-41b4-a105-a7e2848b59d5",
      "midtrans_token_url": "https://app.midtrans.com/snap/v3/redirection/49ce21ba-3bd7-41b4-a105-a7e2848b59d5",
      "midtrans_status": "waiting",
      "paid_at": null,
      "deleted_at": null,
      "created_at": "2023-03-03 16:44:57",
      "updated_at": "2023-03-03 16:44:58",
      "notes": null,
      "date_start": "2023-03-03",
      "date_end": "2024-03-03"
    },
    {
      "id": 39,
      "user_id": 1,
      "package_id": 4,
      "voucher_id": null,
      "invoice_code": "202212141129450001",
      "package_desc": "Trading Class",
      "package_price": 10000,
      "subscribe_month": 12,
      "expired_at": "2022-12-16 11:29:45",
      "voucher_code": null,
      "value_redeemed": null,
      "grand_total": 10000,
      "payment_status": "cancel",
      "midtrans_token": "cb570f6a-2a82-4192-b002-8308006d6d8c",
      "midtrans_token_url": "https://app.midtrans.com/snap/v3/redirection/cb570f6a-2a82-4192-b002-8308006d6d8c",
      "midtrans_status": "waiting",
      "paid_at": null,
      "deleted_at": null,
      "created_at": "2022-12-14 12:29:45",
      "updated_at": "2023-03-03 16:45:04",
      "notes": "user renew the payment",
      "date_start": "2022-12-14",
      "date_end": "2023-12-14"
    }
  ]
}
