{
  "code": 200,
  "data": [
    {
      "title": "Penjelasan Angka Bicara",
      "content": [
        {
          "id": 141,
          "title": "Special Note from Jie",
          "video_code": "159cb7612e944c308e2d2839878549b6",
          "is_seen": 1,
          "is_complete": 0,
          "length": 128
        },
        {
          "id": 142,
          "title": "Cara Baca Tabel Tapak Naga",
          "video_code": "845803eb906e4912a04547d2b5b081ef",
          "is_seen": 1,
          "is_complete": 0,
          "length": 1273
        }
      ]
    },
    {
      "title": "Step by Step menjadi Trader Pro",
      "content": [
        {
          "id": 151,
          "title": "Kesalahan Trader Pemula",
          "video_code": "ac6c4ce84c9d4be9840472d22db10508",
          "is_seen": 1,
          "is_complete": 0,
          "length": 1677
        },
        {
          "id": 152,
          "title": "DrawDown",
          "video_code": "682d1bf49a014ac397ae85a6ac11e2af",
          "is_seen": 0,
          "is_complete": 0,
          "length": 683
        }
      ]
    }
  ]
}
