{
  "data": [
    {
      "event": {
        "body": "<p>Semua di informasikan pada H-1 agar anda bisa menyiapkan diri anda dengan baik &amp; santai.</p><p>Sistem trading yang saya jalankan bernama, sistem trading Tapak Naga</p><p>menganut aliran trading, Swing Trading dan TrendFollower</p><p><br></p><p>Dengan kalkulasi money management yang tepat</p><p>serta penerapan market timing yang didukung oleh data yang solid</p><p>yang akan menyarankan untuk trade hanya posisi kecil ketika market sedang tidak baik</p><p>dan trade dengan percaya diri ambil posisi besar ketika market sedang bagus.</p><p><br></p><p>sistem trading Tapak Naga, cocok untuk orang sibuk</p><p>karena tidak perlu monitor market ketika market sedang berjalan</p><p>seluruh order, menggunakan Automatic Order</p><div><br></div>",
        "categories_id": null,
        "classes_id": null,
        "created_at": "2022-10-26 08:53:05",
        "deleted_at": null,
        "featured_image": "https://berdagangangka.id/uploads/2/2022-11/image_251.jpg",
        "id": 23,
        "json_meta": null,
        "slug": null,
        "tipe": "active-event",
        "title": "Trading Class Event 2023",
        "updated_at": "2022-11-18 07:35:56",
        "views": null
      }
    }
  ]
}
